"","SPECIES","REGION","DISTRICT","YEAR","SIZE_BIN","NUM_IMMATURE","NUM_MATURE","TOTAL_CRAB","PROP_MATURE"
"1","SNOW","EBS","ALL",1989,5,0,0,0,0
"2","SNOW","EBS","ALL",1989,15,0,0,0,0
"3","SNOW","EBS","ALL",1989,25,1,0,1,0
"4","SNOW","EBS","ALL",1989,35,182.4007,0,182.4007,0
"5","SNOW","EBS","ALL",1989,45,1179.9604,27.5357,1207.4961,0.022803966
"6","SNOW","EBS","ALL",1989,55,1102.576,165.4949,1268.0709,0.130509185
"7","SNOW","EBS","ALL",1989,65,910.6583,188.2494,1098.9077,0.171305925
"8","SNOW","EBS","ALL",1989,75,1462.7453,229.4728,1692.2181,0.135604743
"9","SNOW","EBS","ALL",1989,85,796.7718,371.5487,1168.3205,0.318019499
"10","SNOW","EBS","ALL",1989,95,234.7517,316.969,551.7207,0.574509892
"11","SNOW","EBS","ALL",1989,105,49.2443,379.2608,428.5051,0.885078847
"12","SNOW","EBS","ALL",1989,115,6.7605,195.1941,201.9546,0.966524655
"13","SNOW","EBS","ALL",1989,125,1,65.4497,66.4497,0.984951023
"14","SNOW","EBS","ALL",1989,135,0,13,13,1
"15","SNOW","EBS","ALL",1989,145,0,0,0,1
"16","SNOW","EBS","ALL",1989,155,0,0,0,1
"17","SNOW","EBS","ALL",1989,165,0,0,0,1
"18","SNOW","EBS","ALL",1989,175,0,0,0,1
"19","SNOW","EBS","ALL",1989,185,0,0,0,1
"20","SNOW","EBS","ALL",1989,195,0,0,0,1
"21","SNOW","EBS","ALL",1990,5,48.4313,8.037,56.4683,0
"22","SNOW","EBS","ALL",1990,15,8.037,0,8.037,0
"23","SNOW","EBS","ALL",1990,25,3,3,6,0
"24","SNOW","EBS","ALL",1990,35,564.2375,0,564.2375,0
"25","SNOW","EBS","ALL",1990,45,1316.3764,5.9716,1322.348,0.004515907
"26","SNOW","EBS","ALL",1990,55,2560.5663,205.1883,2765.7546,0.074188903
"27","SNOW","EBS","ALL",1990,65,2119.717,278.9489,2398.6659,0.116293353
"28","SNOW","EBS","ALL",1990,75,972.4215,497.4557,1469.8772,0.33843351
"29","SNOW","EBS","ALL",1990,85,744.4128,393.9624,1138.3752,0.3460743
"30","SNOW","EBS","ALL",1990,95,693.1012,376.7261,1069.8273,0.352137303
"31","SNOW","EBS","ALL",1990,105,218.5,317.6346,536.1346,0.592453089
"32","SNOW","EBS","ALL",1990,115,13.4455,142.1524,155.5979,0.913588165
"33","SNOW","EBS","ALL",1990,125,0,99.9065,99.9065,1
"34","SNOW","EBS","ALL",1990,135,0,7.7006,7.7006,1
"35","SNOW","EBS","ALL",1990,145,0,0,0,1
"36","SNOW","EBS","ALL",1990,155,0,0,0,1
"37","SNOW","EBS","ALL",1990,165,0,0,0,1
"38","SNOW","EBS","ALL",1990,175,0,0,0,1
"39","SNOW","EBS","ALL",1990,185,0,0,0,1
"40","SNOW","EBS","ALL",1990,195,0,0,0,1
"41","SNOW","EBS","ALL",1991,5,0,0,0,0
"42","SNOW","EBS","ALL",1991,15,15.5608,0,15.5608,0
"43","SNOW","EBS","ALL",1991,25,37.7706,4.5942,42.3648,0
"44","SNOW","EBS","ALL",1991,35,163.6403,0,163.6403,0
"45","SNOW","EBS","ALL",1991,45,1790.4761,4.7764,1795.2525,0.002660573
"46","SNOW","EBS","ALL",1991,55,2706.1146,147.9695,2854.0841,0.051844828
"47","SNOW","EBS","ALL",1991,65,2114.5343,419.8917,2534.426,0.165675265
"48","SNOW","EBS","ALL",1991,75,1025.3924,348.4528,1373.8452,0.253633233
"49","SNOW","EBS","ALL",1991,85,1207.5287,422.9483,1630.477,0.259401574
"50","SNOW","EBS","ALL",1991,95,1100.8467,425.5997,1526.4464,0.278817324
"51","SNOW","EBS","ALL",1991,105,201.4482,459.2657,660.7139,0.695105249
"52","SNOW","EBS","ALL",1991,115,15.8253,582.4308,598.2561,0.973547616
"53","SNOW","EBS","ALL",1991,125,11.5385,258.8233,270.3618,0.957322003
"54","SNOW","EBS","ALL",1991,135,0,36.0209,36.0209,1
"55","SNOW","EBS","ALL",1991,145,0,0,0,1
"56","SNOW","EBS","ALL",1991,155,0,0,0,1
"57","SNOW","EBS","ALL",1991,165,0,0,0,1
"58","SNOW","EBS","ALL",1991,175,0,0,0,1
"59","SNOW","EBS","ALL",1991,185,0,0,0,1
"60","SNOW","EBS","ALL",1991,195,0,0,0,1
"61","SNOW","EBS","ALL",1992,5,0,0,0,0
"62","SNOW","EBS","ALL",1992,15,7.9344,0,7.9344,0
"63","SNOW","EBS","ALL",1992,25,640.2555,0,640.2555,0
"64","SNOW","EBS","ALL",1992,35,490.0306,20.0978,510.1284,0
"65","SNOW","EBS","ALL",1992,45,1410.2644,20.8271,1431.0915,0.014553297
"66","SNOW","EBS","ALL",1992,55,1332.3912,301.5435,1633.9347,0.184550521
"67","SNOW","EBS","ALL",1992,65,1160.6172,363.3392,1523.9564,0.238418369
"68","SNOW","EBS","ALL",1992,75,894.2518,572.2183,1466.4701,0.390201137
"69","SNOW","EBS","ALL",1992,85,712.3583,628.4479,1340.8062,0.468708975
"70","SNOW","EBS","ALL",1992,95,325.4722,404.6252,730.0974,0.554207151
"71","SNOW","EBS","ALL",1992,105,78.0923,497.9816,576.0739,0.864440482
"72","SNOW","EBS","ALL",1992,115,17.9832,655.8822,673.8654,0.973313365
"73","SNOW","EBS","ALL",1992,125,2.7219,252.6881,255.41,0.989343017
"74","SNOW","EBS","ALL",1992,135,1.259,20.9651,22.2241,1
"75","SNOW","EBS","ALL",1992,145,0,0,0,1
"76","SNOW","EBS","ALL",1992,155,0,0,0,1
"77","SNOW","EBS","ALL",1992,165,0,0,0,1
"78","SNOW","EBS","ALL",1992,175,0,0,0,1
"79","SNOW","EBS","ALL",1992,185,0,0,0,1
"80","SNOW","EBS","ALL",1992,195,0,0,0,1
"81","SNOW","EBS","ALL",1993,5,0,0,0,0
"82","SNOW","EBS","ALL",1993,15,0,0,0,0
"83","SNOW","EBS","ALL",1993,25,70.2389,29.65,99.8889,0
"84","SNOW","EBS","ALL",1993,35,1093.2391,0,1093.2391,0
"85","SNOW","EBS","ALL",1993,45,1927.7667,36.5662,1964.3329,0.018615073
"86","SNOW","EBS","ALL",1993,55,1972.1097,199.8063,2171.916,0.091995409
"87","SNOW","EBS","ALL",1993,65,1693.4208,656.5582,2349.979,0.279388965
"88","SNOW","EBS","ALL",1993,75,447.2281,811.0449,1258.273,0.644569899
"89","SNOW","EBS","ALL",1993,85,182.0928,366.1001,548.1929,0.667830795
"90","SNOW","EBS","ALL",1993,95,103.1189,270.6736,373.7925,0.724127959
"91","SNOW","EBS","ALL",1993,105,26.2872,240.8601,267.1473,0.901600353
"92","SNOW","EBS","ALL",1993,115,13.3295,229.8869,243.2164,0.945194896
"93","SNOW","EBS","ALL",1993,125,2,102.0256,104.0256,0.980773963
"94","SNOW","EBS","ALL",1993,135,0,12.7624,12.7624,1
"95","SNOW","EBS","ALL",1993,145,0,0,0,1
"96","SNOW","EBS","ALL",1993,155,0,0,0,1
"97","SNOW","EBS","ALL",1993,165,0,0,0,1
"98","SNOW","EBS","ALL",1993,175,0,0,0,1
"99","SNOW","EBS","ALL",1993,185,0,0,0,1
"100","SNOW","EBS","ALL",1993,195,0,0,0,1
"101","SNOW","EBS","ALL",1994,5,0,0,0,0
"102","SNOW","EBS","ALL",1994,15,1,0,1,0
"103","SNOW","EBS","ALL",1994,25,1,13.9174,14.9174,0
"104","SNOW","EBS","ALL",1994,35,215.0237,0,215.0237,0
"105","SNOW","EBS","ALL",1994,45,1281.4351,51.5065,1332.9416,0.038641228
"106","SNOW","EBS","ALL",1994,55,3208.979,352.119,3561.098,0.098879334
"107","SNOW","EBS","ALL",1994,65,3283.0505,1016.0022,4299.0527,0.236331646
"108","SNOW","EBS","ALL",1994,75,1347.5561,1068.2045,2415.7606,0.44218144
"109","SNOW","EBS","ALL",1994,85,426.9993,463.2241,890.2234,0.520345904
"110","SNOW","EBS","ALL",1994,95,123.5264,125.6785,249.2049,0.504317933
"111","SNOW","EBS","ALL",1994,105,16.0691,64.6314,80.7005,0.800879796
"112","SNOW","EBS","ALL",1994,115,4,49.9321,53.9321,0.925832667
"113","SNOW","EBS","ALL",1994,125,0,14.8157,14.8157,1
"114","SNOW","EBS","ALL",1994,135,0,1,1,1
"115","SNOW","EBS","ALL",1994,145,0,0,0,1
"116","SNOW","EBS","ALL",1994,155,0,0,0,1
"117","SNOW","EBS","ALL",1994,165,0,0,0,1
"118","SNOW","EBS","ALL",1994,175,0,0,0,1
"119","SNOW","EBS","ALL",1994,185,0,0,0,1
"120","SNOW","EBS","ALL",1994,195,0,0,0,1
"121","SNOW","EBS","ALL",1995,5,0,0,0,0
"122","SNOW","EBS","ALL",1995,15,0,0,0,0
"123","SNOW","EBS","ALL",1995,25,0,0,0,0
"124","SNOW","EBS","ALL",1995,35,0,0,0,0
"125","SNOW","EBS","ALL",1995,45,540.2564,10.5026,550.759,0.019069321
"126","SNOW","EBS","ALL",1995,55,2298.1118,268.1408,2566.2526,0.104487298
"127","SNOW","EBS","ALL",1995,65,3323.6477,747.0422,4070.6899,0.183517344
"128","SNOW","EBS","ALL",1995,75,2745.0034,1599.7279,4344.7313,0.368199502
"129","SNOW","EBS","ALL",1995,85,1020.2756,968.2899,1988.5655,0.486928844
"130","SNOW","EBS","ALL",1995,95,324.2993,672.3176,996.6169,0.674599839
"131","SNOW","EBS","ALL",1995,105,51.3637,241.393,292.7567,0.824551582
"132","SNOW","EBS","ALL",1995,115,6.2905,109.1145,115.405,0.945491963
"133","SNOW","EBS","ALL",1995,125,2.4492,48.2166,50.6658,0.951659699
"134","SNOW","EBS","ALL",1995,135,0,5.7817,5.7817,1
"135","SNOW","EBS","ALL",1995,145,0,0,0,1
"136","SNOW","EBS","ALL",1995,155,0,0,0,1
"137","SNOW","EBS","ALL",1995,165,0,0,0,1
"138","SNOW","EBS","ALL",1995,175,0,0,0,1
"139","SNOW","EBS","ALL",1995,185,0,0,0,1
"140","SNOW","EBS","ALL",1995,195,0,0,0,1
"141","SNOW","EBS","ALL",1996,5,0,0,0,0
"142","SNOW","EBS","ALL",1996,15,0,0,0,0
"143","SNOW","EBS","ALL",1996,25,0,0,0,0
"144","SNOW","EBS","ALL",1996,35,1,0,1,0
"145","SNOW","EBS","ALL",1996,45,25.1894,0,25.1894,0
"146","SNOW","EBS","ALL",1996,55,415.1234,59.4987,474.6221,0.125360155
"147","SNOW","EBS","ALL",1996,65,1086.0197,235.394,1321.4137,0.178138005
"148","SNOW","EBS","ALL",1996,75,1288.015,636.6465,1924.6615,0.330783621
"149","SNOW","EBS","ALL",1996,85,1073.1086,710.0699,1783.1785,0.39820461
"150","SNOW","EBS","ALL",1996,95,693.9928,647.1029,1341.0957,0.482518063
"151","SNOW","EBS","ALL",1996,105,64.7717,520.487,585.2587,0.889328087
"152","SNOW","EBS","ALL",1996,115,10.6876,162.2877,172.9753,0.938213144
"153","SNOW","EBS","ALL",1996,125,0,29.0709,29.0709,1
"154","SNOW","EBS","ALL",1996,135,0,1,1,1
"155","SNOW","EBS","ALL",1996,145,0,0,0,1
"156","SNOW","EBS","ALL",1996,155,0,0,0,1
"157","SNOW","EBS","ALL",1996,165,0,0,0,1
"158","SNOW","EBS","ALL",1996,175,0,0,0,1
"159","SNOW","EBS","ALL",1996,185,0,0,0,1
"160","SNOW","EBS","ALL",1996,195,0,0,0,1
"161","SNOW","EBS","ALL",1997,5,0,0,0,0
"162","SNOW","EBS","ALL",1997,15,0,0,0,0
"163","SNOW","EBS","ALL",1997,25,5.8969,0,5.8969,0
"164","SNOW","EBS","ALL",1997,35,21.2152,1,22.2152,0
"165","SNOW","EBS","ALL",1997,45,231.4359,2,233.4359,0.008567662
"166","SNOW","EBS","ALL",1997,55,649.2624,75.3338,724.5962,0.103966595
"167","SNOW","EBS","ALL",1997,65,1072.6997,220.4335,1293.1332,0.170464651
"168","SNOW","EBS","ALL",1997,75,1279.9508,443.9492,1723.9,0.257526075
"169","SNOW","EBS","ALL",1997,85,1079.1715,335.5248,1414.6963,0.237170904
"170","SNOW","EBS","ALL",1997,95,880.5936,547.9191,1428.5127,0.383559138
"171","SNOW","EBS","ALL",1997,105,237.4538,641.2307,878.6845,0.729762162
"172","SNOW","EBS","ALL",1997,115,13.4342,331.6807,345.1149,0.961073254
"173","SNOW","EBS","ALL",1997,125,0,49.2988,49.2988,1
"174","SNOW","EBS","ALL",1997,135,0,1,1,1
"175","SNOW","EBS","ALL",1997,145,0,0,0,1
"176","SNOW","EBS","ALL",1997,155,0,0,0,1
"177","SNOW","EBS","ALL",1997,165,0,0,0,1
"178","SNOW","EBS","ALL",1997,175,0,0,0,1
"179","SNOW","EBS","ALL",1997,185,0,0,0,1
"180","SNOW","EBS","ALL",1997,195,0,0,0,1
"181","SNOW","EBS","ALL",1998,5,0,0,0,0
"182","SNOW","EBS","ALL",1998,15,0,0,0,0
"183","SNOW","EBS","ALL",1998,25,7.947,0,7.947,0
"184","SNOW","EBS","ALL",1998,35,26.1907,0,26.1907,0
"185","SNOW","EBS","ALL",1998,45,1300.8586,25.6687,1326.5273,0.019350299
"186","SNOW","EBS","ALL",1998,55,1447.7643,154.9654,1602.7297,0.096688419
"187","SNOW","EBS","ALL",1998,65,769.1766,188.9361,958.1127,0.197196113
"188","SNOW","EBS","ALL",1998,75,473.4202,313.8747,787.2949,0.39867488
"189","SNOW","EBS","ALL",1998,85,667.9553,359.5871,1027.5424,0.349948674
"190","SNOW","EBS","ALL",1998,95,779.5824,638.7862,1418.3686,0.450366851
"191","SNOW","EBS","ALL",1998,105,181.4038,906.0025,1087.4063,0.833177534
"192","SNOW","EBS","ALL",1998,115,29.295,534.7254,564.0204,0.948060389
"193","SNOW","EBS","ALL",1998,125,3.871,129.3613,133.2323,0.970945484
"194","SNOW","EBS","ALL",1998,135,0,10,10,1
"195","SNOW","EBS","ALL",1998,145,0,0,0,1
"196","SNOW","EBS","ALL",1998,155,0,0,0,1
"197","SNOW","EBS","ALL",1998,165,0,0,0,1
"198","SNOW","EBS","ALL",1998,175,0,0,0,1
"199","SNOW","EBS","ALL",1998,185,0,0,0,1
"200","SNOW","EBS","ALL",1998,195,0,0,0,1
"201","SNOW","EBS","ALL",1999,5,0,0,0,0
"202","SNOW","EBS","ALL",1999,15,3,0,3,0
"203","SNOW","EBS","ALL",1999,25,54.5244,1,55.5244,0
"204","SNOW","EBS","ALL",1999,35,163.7896,0,163.7896,0
"205","SNOW","EBS","ALL",1999,45,469.2397,46.5192,515.7589,0.090195632
"206","SNOW","EBS","ALL",1999,55,571.1286,125.7103,696.8389,0.180400802
"207","SNOW","EBS","ALL",1999,65,435.049,164.7758,599.8248,0.274706614
"208","SNOW","EBS","ALL",1999,75,104.018,98.9281,202.9462,0.487459925
"209","SNOW","EBS","ALL",1999,85,104.6325,62.6737,167.3062,0.374605006
"210","SNOW","EBS","ALL",1999,95,83.9469,129.6687,213.6156,0.60701902
"211","SNOW","EBS","ALL",1999,105,14.9584,118.4533,133.4117,0.8878779
"212","SNOW","EBS","ALL",1999,115,7.9637,110.8845,118.8482,0.932992675
"213","SNOW","EBS","ALL",1999,125,0,28.9208,28.9208,1
"214","SNOW","EBS","ALL",1999,135,0,2,2,1
"215","SNOW","EBS","ALL",1999,145,0,0,0,1
"216","SNOW","EBS","ALL",1999,155,0,0,0,1
"217","SNOW","EBS","ALL",1999,165,0,0,0,1
"218","SNOW","EBS","ALL",1999,175,0,0,0,1
"219","SNOW","EBS","ALL",1999,185,0,0,0,1
"220","SNOW","EBS","ALL",1999,195,0,0,0,1
"221","SNOW","EBS","ALL",2000,5,0,0,0,0
"222","SNOW","EBS","ALL",2000,15,2,0,2,0
"223","SNOW","EBS","ALL",2000,25,172.9849,0,172.9849,0
"224","SNOW","EBS","ALL",2000,35,719.6684,2,721.6684,0
"225","SNOW","EBS","ALL",2000,45,1747.7051,25.2904,1772.9955,0.014264221
"226","SNOW","EBS","ALL",2000,55,2606.3705,152.0605,2758.431,0.055125722
"227","SNOW","EBS","ALL",2000,65,897.8109,352.7706,1250.5815,0.282085254
"228","SNOW","EBS","ALL",2000,75,337.077,204.033,541.11,0.377063813
"229","SNOW","EBS","ALL",2000,85,144.5363,94.5098,239.0461,0.395362233
"230","SNOW","EBS","ALL",2000,95,57.0595,77.8874,134.9469,0.577170724
"231","SNOW","EBS","ALL",2000,105,6,90.4339,96.4339,0.937781216
"232","SNOW","EBS","ALL",2000,115,7,95.6314,102.6314,0.931794753
"233","SNOW","EBS","ALL",2000,125,0,41.554,41.554,1
"234","SNOW","EBS","ALL",2000,135,0,6.277,6.277,1
"235","SNOW","EBS","ALL",2000,145,0,0,0,1
"236","SNOW","EBS","ALL",2000,155,0,0,0,1
"237","SNOW","EBS","ALL",2000,165,0,0,0,1
"238","SNOW","EBS","ALL",2000,175,0,0,0,1
"239","SNOW","EBS","ALL",2000,185,0,0,0,1
"240","SNOW","EBS","ALL",2000,195,0,0,0,1
"241","SNOW","EBS","ALL",2001,5,0,0,0,0
"242","SNOW","EBS","ALL",2001,15,1,102.4631,103.4631,0
"243","SNOW","EBS","ALL",2001,25,11.375,0,11.375,0
"244","SNOW","EBS","ALL",2001,35,14,1.8269,15.8269,0
"245","SNOW","EBS","ALL",2001,45,203.3651,0,203.3651,0
"246","SNOW","EBS","ALL",2001,55,1222.8547,176.3917,1399.2464,0.126061929
"247","SNOW","EBS","ALL",2001,65,2588.4426,483.7666,3072.2092,0.157465384
"248","SNOW","EBS","ALL",2001,75,2059.849,764.779,2824.628,0.270753883
"249","SNOW","EBS","ALL",2001,85,722.3786,492.6293,1215.0079,0.405453578
"250","SNOW","EBS","ALL",2001,95,210.6969,286.2687,496.9656,0.57603323
"251","SNOW","EBS","ALL",2001,105,28.7067,257.2994,286.0061,0.899629064
"252","SNOW","EBS","ALL",2001,115,7,83.5696,90.5696,0.922711373
"253","SNOW","EBS","ALL",2001,125,0,24.9872,24.9872,1
"254","SNOW","EBS","ALL",2001,135,0,0,0,1
"255","SNOW","EBS","ALL",2001,145,0,0,0,1
"256","SNOW","EBS","ALL",2001,155,0,0,0,1
"257","SNOW","EBS","ALL",2001,165,0,0,0,1
"258","SNOW","EBS","ALL",2001,175,0,0,0,1
"259","SNOW","EBS","ALL",2001,185,0,0,0,1
"260","SNOW","EBS","ALL",2001,195,0,0,0,1
"261","SNOW","EBS","ALL",2002,5,0,0,0,0
"262","SNOW","EBS","ALL",2002,15,0,0,0,0
"263","SNOW","EBS","ALL",2002,25,20.3927,0,20.3927,0
"264","SNOW","EBS","ALL",2002,35,37.5357,1,38.5357,0
"265","SNOW","EBS","ALL",2002,45,143.7761,0,143.7761,0
"266","SNOW","EBS","ALL",2002,55,460.0133,13.3208,473.3341,0.02814249
"267","SNOW","EBS","ALL",2002,65,212.3283,67.5523,279.8806,0.241361138
"268","SNOW","EBS","ALL",2002,75,255.6305,145.4156,401.0461,0.362590735
"269","SNOW","EBS","ALL",2002,85,279.2798,119.4226,398.7024,0.299528169
"270","SNOW","EBS","ALL",2002,95,176.1151,141.77,317.8851,0.445978751
"271","SNOW","EBS","ALL",2002,105,24.805,153.6151,178.4201,0.860974184
"272","SNOW","EBS","ALL",2002,115,1,54.3907,55.3907,0.981946428
"273","SNOW","EBS","ALL",2002,125,0,19.7921,19.7921,1
"274","SNOW","EBS","ALL",2002,135,0,1,1,1
"275","SNOW","EBS","ALL",2002,145,0,0,0,1
"276","SNOW","EBS","ALL",2002,155,0,0,0,1
"277","SNOW","EBS","ALL",2002,165,0,0,0,1
"278","SNOW","EBS","ALL",2002,175,0,0,0,1
"279","SNOW","EBS","ALL",2002,185,0,0,0,1
"280","SNOW","EBS","ALL",2002,195,0,0,0,1
"281","SNOW","EBS","ALL",2003,5,0,0,0,0
"282","SNOW","EBS","ALL",2003,15,1,0,1,0
"283","SNOW","EBS","ALL",2003,25,1,0,1,0
"284","SNOW","EBS","ALL",2003,35,29.1948,1,30.1948,0
"285","SNOW","EBS","ALL",2003,45,351.0244,19.8682,370.8926,0.053568607
"286","SNOW","EBS","ALL",2003,55,574.2788,85.1575,659.4363,0.12913681
"287","SNOW","EBS","ALL",2003,65,503.3473,115.1195,618.4668,0.186136911
"288","SNOW","EBS","ALL",2003,75,375.1511,132.4209,507.572,0.260890869
"289","SNOW","EBS","ALL",2003,85,264.2415,136.5346,400.7761,0.340675504
"290","SNOW","EBS","ALL",2003,95,223.9205,120.2989,344.2194,0.349483208
"291","SNOW","EBS","ALL",2003,105,49,161.5007,210.5007,0.767221677
"292","SNOW","EBS","ALL",2003,115,9.6549,128.6549,138.3098,0.930193667
"293","SNOW","EBS","ALL",2003,125,6.6549,46,52.6549,0.873612902
"294","SNOW","EBS","ALL",2003,135,0,1,1,1
"295","SNOW","EBS","ALL",2003,145,0,0,0,1
"296","SNOW","EBS","ALL",2003,155,0,0,0,1
"297","SNOW","EBS","ALL",2003,165,0,0,0,1
"298","SNOW","EBS","ALL",2003,175,0,0,0,1
"299","SNOW","EBS","ALL",2003,185,0,0,0,1
"300","SNOW","EBS","ALL",2003,195,0,0,0,1
"301","SNOW","EBS","ALL",2004,5,0,0,0,0
"302","SNOW","EBS","ALL",2004,15,0,0,0,0
"303","SNOW","EBS","ALL",2004,25,0,0,0,0
"304","SNOW","EBS","ALL",2004,35,2,0,2,0
"305","SNOW","EBS","ALL",2004,45,5,0,5,0
"306","SNOW","EBS","ALL",2004,55,35.8665,6.3098,42.1763,0.149605347
"307","SNOW","EBS","ALL",2004,65,108.8501,49.0601,157.9102,0.31068354
"308","SNOW","EBS","ALL",2004,75,67.4105,58.1307,125.5412,0.463040818
"309","SNOW","EBS","ALL",2004,85,59.5852,67.9197,127.5049,0.532683058
"310","SNOW","EBS","ALL",2004,95,83.5708,97.9065,181.4773,0.539497226
"311","SNOW","EBS","ALL",2004,105,42.5128,112.9615,155.4743,0.726560596
"312","SNOW","EBS","ALL",2004,115,9.5744,145.4084,154.9828,0.938222822
"313","SNOW","EBS","ALL",2004,125,1,53.0794,54.0794,0.981508671
"314","SNOW","EBS","ALL",2004,135,0,10.3065,10.3065,1
"315","SNOW","EBS","ALL",2004,145,0,0,0,1
"316","SNOW","EBS","ALL",2004,155,0,0,0,1
"317","SNOW","EBS","ALL",2004,165,0,0,0,1
"318","SNOW","EBS","ALL",2004,175,0,0,0,1
"319","SNOW","EBS","ALL",2004,185,0,0,0,1
"320","SNOW","EBS","ALL",2004,195,0,0,0,1
"321","SNOW","EBS","ALL",2005,5,0,0,0,0
"322","SNOW","EBS","ALL",2005,15,0,0,0,0
"323","SNOW","EBS","ALL",2005,25,1,0,1,0
"324","SNOW","EBS","ALL",2005,35,0,0,0,0
"325","SNOW","EBS","ALL",2005,45,492.6083,30.2781,522.8864,0.057905694
"326","SNOW","EBS","ALL",2005,55,1840.8023,298.3753,2139.1776,0.139481313
"327","SNOW","EBS","ALL",2005,65,3570.0758,1120.2284,4690.3042,0.238839178
"328","SNOW","EBS","ALL",2005,75,567.2296,459.1603,1026.3899,0.447354655
"329","SNOW","EBS","ALL",2005,85,207.3712,256.8773,464.2485,0.553318535
"330","SNOW","EBS","ALL",2005,95,193.1362,173.3919,366.5281,0.473065776
"331","SNOW","EBS","ALL",2005,105,15,141.1523,156.1523,0.903939936
"332","SNOW","EBS","ALL",2005,115,7,150.3087,157.3087,0.955501508
"333","SNOW","EBS","ALL",2005,125,2.478,110.8584,113.3364,0.978135886
"334","SNOW","EBS","ALL",2005,135,0,8.478,8.478,1
"335","SNOW","EBS","ALL",2005,145,0,0,0,1
"336","SNOW","EBS","ALL",2005,155,0,0,0,1
"337","SNOW","EBS","ALL",2005,165,0,0,0,1
"338","SNOW","EBS","ALL",2005,175,0,0,0,1
"339","SNOW","EBS","ALL",2005,185,0,0,0,1
"340","SNOW","EBS","ALL",2005,195,0,0,0,1
"341","SNOW","EBS","ALL",2006,5,0,0,0,0
"342","SNOW","EBS","ALL",2006,15,0,1,1,0
"343","SNOW","EBS","ALL",2006,25,3,1,4,0
"344","SNOW","EBS","ALL",2006,35,78.7778,0,78.7778,0
"345","SNOW","EBS","ALL",2006,45,96.966,8,104.966,0.076215155
"346","SNOW","EBS","ALL",2006,55,294.6619,52.9548,347.6167,0.152336755
"347","SNOW","EBS","ALL",2006,65,265.1025,169.031,434.1335,0.389352584
"348","SNOW","EBS","ALL",2006,75,290.8499,228.6666,519.5165,0.440152719
"349","SNOW","EBS","ALL",2006,85,352.4451,250.2782,602.7233,0.415245603
"350","SNOW","EBS","ALL",2006,95,96.6284,144.1881,240.8165,0.598746764
"351","SNOW","EBS","ALL",2006,105,31.9622,97.2661,129.2283,0.752668727
"352","SNOW","EBS","ALL",2006,115,3,36.6545,39.6545,0.924346543
"353","SNOW","EBS","ALL",2006,125,0,25.7745,25.7745,1
"354","SNOW","EBS","ALL",2006,135,0,1,1,1
"355","SNOW","EBS","ALL",2006,145,0,0,0,1
"356","SNOW","EBS","ALL",2006,155,0,0,0,1
"357","SNOW","EBS","ALL",2006,165,0,0,0,1
"358","SNOW","EBS","ALL",2006,175,0,0,0,1
"359","SNOW","EBS","ALL",2006,185,0,0,0,1
"360","SNOW","EBS","ALL",2006,195,0,0,0,1
"361","SNOW","EBS","ALL",2007,5,0,0,0,0
"362","SNOW","EBS","ALL",2007,15,0,0,0,0
"363","SNOW","EBS","ALL",2007,25,0,0,0,0
"364","SNOW","EBS","ALL",2007,35,0,0,0,0
"365","SNOW","EBS","ALL",2007,45,30.734,0,30.734,0
"366","SNOW","EBS","ALL",2007,55,156.4973,23.1458,179.6431,0.128843245
"367","SNOW","EBS","ALL",2007,65,403.2163,259.0698,662.2861,0.391175053
"368","SNOW","EBS","ALL",2007,75,226.3825,242.8491,469.2316,0.517546346
"369","SNOW","EBS","ALL",2007,85,269.7289,242.0575,511.7864,0.47296587
"370","SNOW","EBS","ALL",2007,95,280.2458,230.6768,510.9226,0.451490695
"371","SNOW","EBS","ALL",2007,105,78.716,371.867,450.583,0.825301887
"372","SNOW","EBS","ALL",2007,115,14.1211,121.7939,135.915,0.896103447
"373","SNOW","EBS","ALL",2007,125,5.6575,15.7,21.3575,0.735104764
"374","SNOW","EBS","ALL",2007,135,0,2.8376,2.8376,1
"375","SNOW","EBS","ALL",2007,145,0,0,0,1
"376","SNOW","EBS","ALL",2007,155,0,0,0,1
"377","SNOW","EBS","ALL",2007,165,0,0,0,1
"378","SNOW","EBS","ALL",2007,175,0,0,0,1
"379","SNOW","EBS","ALL",2007,185,0,0,0,1
"380","SNOW","EBS","ALL",2007,195,0,0,0,1
"381","SNOW","EBS","ALL",2009,5,0,0,0,0
"382","SNOW","EBS","ALL",2009,15,1,1,2,0
"383","SNOW","EBS","ALL",2009,25,5,0,5,0
"384","SNOW","EBS","ALL",2009,35,27,1,28,0
"385","SNOW","EBS","ALL",2009,45,38,0,38,0
"386","SNOW","EBS","ALL",2009,55,3,2,5,0.4
"387","SNOW","EBS","ALL",2009,65,14,6,20,0.3
"388","SNOW","EBS","ALL",2009,75,9,4,13,0.307692308
"389","SNOW","EBS","ALL",2009,85,16,5,21,0.238095238
"390","SNOW","EBS","ALL",2009,95,38,4,42,0.095238095
"391","SNOW","EBS","ALL",2009,105,14,23,37,0.621621622
"392","SNOW","EBS","ALL",2009,115,2,27,29,0.931034483
"393","SNOW","EBS","ALL",2009,125,1,3,4,0.75
"394","SNOW","EBS","ALL",2009,135,0,0,0,1
"395","SNOW","EBS","ALL",2009,145,0,0,0,1
"396","SNOW","EBS","ALL",2009,155,0,0,0,1
"397","SNOW","EBS","ALL",2009,165,0,0,0,1
"398","SNOW","EBS","ALL",2009,175,0,0,0,1
"399","SNOW","EBS","ALL",2009,185,0,0,0,1
"400","SNOW","EBS","ALL",2009,195,0,0,0,1
"401","SNOW","EBS","ALL",2010,5,0,0,0,0
"402","SNOW","EBS","ALL",2010,15,0,0,0,0
"403","SNOW","EBS","ALL",2010,25,0,0,0,0
"404","SNOW","EBS","ALL",2010,35,115.023,0,115.023,0
"405","SNOW","EBS","ALL",2010,45,3297.0564,8.8934,3305.9498,0.002690119
"406","SNOW","EBS","ALL",2010,55,2770.8003,285.1557,3055.956,0.093311455
"407","SNOW","EBS","ALL",2010,65,440.1752,300.6244,740.7996,0.405810694
"408","SNOW","EBS","ALL",2010,75,73.2936,125.0332,198.3268,0.630440263
"409","SNOW","EBS","ALL",2010,85,22.6945,28.5692,51.2637,0.557298829
"410","SNOW","EBS","ALL",2010,95,6,60.4597,66.4597,0.909719725
"411","SNOW","EBS","ALL",2010,105,4,129.9616,133.9616,0.970140697
"412","SNOW","EBS","ALL",2010,115,3,48.8946,51.8946,0.942190517
"413","SNOW","EBS","ALL",2010,125,0,45.6091,45.6091,1
"414","SNOW","EBS","ALL",2010,135,0,3,3,1
"415","SNOW","EBS","ALL",2010,145,0,0,0,1
"416","SNOW","EBS","ALL",2010,155,0,0,0,1
"417","SNOW","EBS","ALL",2010,165,0,0,0,1
"418","SNOW","EBS","ALL",2010,175,0,0,0,1
"419","SNOW","EBS","ALL",2010,185,0,0,0,1
"420","SNOW","EBS","ALL",2010,195,0,0,0,1
"421","SNOW","EBS","ALL",2011,5,0,0,0,0
"422","SNOW","EBS","ALL",2011,15,0,0,0,0
"423","SNOW","EBS","ALL",2011,25,1,0,1,0
"424","SNOW","EBS","ALL",2011,35,2,1,3,0
"425","SNOW","EBS","ALL",2011,45,35.8472,0,35.8472,0
"426","SNOW","EBS","ALL",2011,55,115.1207,13.007,128.1277,0.10151591
"427","SNOW","EBS","ALL",2011,65,63.3253,11.4548,74.7801,0.15317979
"428","SNOW","EBS","ALL",2011,75,26.81,27.1831,53.9931,0.503455071
"429","SNOW","EBS","ALL",2011,85,27.543,12.2655,39.8085,0.308112589
"430","SNOW","EBS","ALL",2011,95,16.908,13.679,30.587,0.447216138
"431","SNOW","EBS","ALL",2011,105,1,23.679,24.679,0.95947972
"432","SNOW","EBS","ALL",2011,115,0,28.55,28.55,1
"433","SNOW","EBS","ALL",2011,125,1,6,7,0.857142857
"434","SNOW","EBS","ALL",2011,135,0,2,2,1
"435","SNOW","EBS","ALL",2011,145,0,0,0,1
"436","SNOW","EBS","ALL",2011,155,0,0,0,1
"437","SNOW","EBS","ALL",2011,165,0,0,0,1
"438","SNOW","EBS","ALL",2011,175,0,0,0,1
"439","SNOW","EBS","ALL",2011,185,0,0,0,1
"440","SNOW","EBS","ALL",2011,195,0,0,0,1
"441","SNOW","EBS","ALL",2013,5,0,0,0,0
"442","SNOW","EBS","ALL",2013,15,0,0,0,0
"443","SNOW","EBS","ALL",2013,25,18.6373,0,18.6373,0
"444","SNOW","EBS","ALL",2013,35,262.6474,0,262.6474,0
"445","SNOW","EBS","ALL",2013,45,381.9715,0,381.9715,0
"446","SNOW","EBS","ALL",2013,55,397.0743,27.4835,424.5578,0.064734413
"447","SNOW","EBS","ALL",2013,65,192.1519,80.5942,272.7461,0.295491668
"448","SNOW","EBS","ALL",2013,75,98.6361,108.1343,206.7704,0.522967988
"449","SNOW","EBS","ALL",2013,85,58.6393,72.4436,131.0829,0.552654847
"450","SNOW","EBS","ALL",2013,95,26.5326,63.7041,90.2367,0.705966641
"451","SNOW","EBS","ALL",2013,105,6,57.4965,63.4965,0.905506603
"452","SNOW","EBS","ALL",2013,115,6,18,24,0.75
"453","SNOW","EBS","ALL",2013,125,0,3,3,1
"454","SNOW","EBS","ALL",2013,135,0,0,0,1
"455","SNOW","EBS","ALL",2013,145,0,0,0,1
"456","SNOW","EBS","ALL",2013,155,0,0,0,1
"457","SNOW","EBS","ALL",2013,165,0,0,0,1
"458","SNOW","EBS","ALL",2013,175,0,0,0,1
"459","SNOW","EBS","ALL",2013,185,0,0,0,1
"460","SNOW","EBS","ALL",2013,195,0,0,0,1
"461","SNOW","EBS","ALL",2015,5,0,0,0,0
"462","SNOW","EBS","ALL",2015,15,1,0,1,0
"463","SNOW","EBS","ALL",2015,25,39.927,1,40.927,0
"464","SNOW","EBS","ALL",2015,35,66.2037,13.9635,80.1672,0
"465","SNOW","EBS","ALL",2015,45,89.1792,0,89.1792,0
"466","SNOW","EBS","ALL",2015,55,65.4466,9.3025,74.7491,0.124449893
"467","SNOW","EBS","ALL",2015,65,86.8951,51.4634,138.3585,0.371957144
"468","SNOW","EBS","ALL",2015,75,31.7832,34.7627,66.546,0.522386712
"469","SNOW","EBS","ALL",2015,85,16,16.3269,32.3269,0.505056773
"470","SNOW","EBS","ALL",2015,95,18,23,41,0.56097561
"471","SNOW","EBS","ALL",2015,105,1,38,39,0.974358974
"472","SNOW","EBS","ALL",2015,115,0,39,39,1
"473","SNOW","EBS","ALL",2015,125,0,13,13,1
"474","SNOW","EBS","ALL",2015,135,0,2,2,1
"475","SNOW","EBS","ALL",2015,145,0,0,0,1
"476","SNOW","EBS","ALL",2015,155,0,0,0,1
"477","SNOW","EBS","ALL",2015,165,0,0,0,1
"478","SNOW","EBS","ALL",2015,175,0,0,0,1
"479","SNOW","EBS","ALL",2015,185,0,0,0,1
"480","SNOW","EBS","ALL",2015,195,0,0,0,1
"481","SNOW","EBS","ALL",2017,5,0,0,0,0
"482","SNOW","EBS","ALL",2017,15,0,0,0,0
"483","SNOW","EBS","ALL",2017,25,3,0,3,0
"484","SNOW","EBS","ALL",2017,35,382.3102,0,382.3102,0
"485","SNOW","EBS","ALL",2017,45,4273.7645,164.4745,4438.239,0.0370585
"486","SNOW","EBS","ALL",2017,55,2997.2959,1287.1558,4284.4517,0.300424854
"487","SNOW","EBS","ALL",2017,65,1511.652,675.1873,2186.8393,0.308750297
"488","SNOW","EBS","ALL",2017,75,601.4942,454.933,1056.4272,0.430633585
"489","SNOW","EBS","ALL",2017,85,187.6881,272.3112,459.9993,0.591981866
"490","SNOW","EBS","ALL",2017,95,46,210.7936,256.7936,0.820867824
"491","SNOW","EBS","ALL",2017,105,17,269,286,0.940559441
"492","SNOW","EBS","ALL",2017,115,3,179.8151,182.8151,0.983589979
"493","SNOW","EBS","ALL",2017,125,0,33,33,1
"494","SNOW","EBS","ALL",2017,135,0,0,0,1
"495","SNOW","EBS","ALL",2017,145,0,1,1,1
"496","SNOW","EBS","ALL",2017,155,0,0,0,1
"497","SNOW","EBS","ALL",2017,165,0,0,0,1
"498","SNOW","EBS","ALL",2017,175,0,0,0,1
"499","SNOW","EBS","ALL",2017,185,0,0,0,1
"500","SNOW","EBS","ALL",2017,195,0,0,0,1
"501","SNOW","EBS","ALL",2018,5,0,0,0,0
"502","SNOW","EBS","ALL",2018,15,0,0,0,0
"503","SNOW","EBS","ALL",2018,25,54.695,0,54.695,0
"504","SNOW","EBS","ALL",2018,35,83.3212,1,84.3212,0
"505","SNOW","EBS","ALL",2018,45,2875.9584,91.8602,2967.8185,0.030952081
"506","SNOW","EBS","ALL",2018,55,3866.4682,729.7462,4596.2143,0.158771138
"507","SNOW","EBS","ALL",2018,65,1852.0333,1230.9975,3083.0308,0.399281614
"508","SNOW","EBS","ALL",2018,75,683.0101,665.3677,1348.3777,0.493457916
"509","SNOW","EBS","ALL",2018,85,265.8859,640.3244,906.2103,0.706595775
"510","SNOW","EBS","ALL",2018,95,28,172.767,200.767,0.860534842
"511","SNOW","EBS","ALL",2018,105,9,231.9566,240.9566,0.962648875
"512","SNOW","EBS","ALL",2018,115,3,64.3619,67.3619,0.955464459
"513","SNOW","EBS","ALL",2018,125,0,27.8558,27.8558,1
"514","SNOW","EBS","ALL",2018,135,0,2,2,1
"515","SNOW","EBS","ALL",2018,145,0,0,0,1
"516","SNOW","EBS","ALL",2018,155,0,0,0,1
"517","SNOW","EBS","ALL",2018,165,0,0,0,1
"518","SNOW","EBS","ALL",2018,175,0,0,0,1
"519","SNOW","EBS","ALL",2018,185,0,0,0,1
"520","SNOW","EBS","ALL",2018,195,0,0,0,1
"521","SNOW","EBS","ALL",2019,5,0,0,0,0
"522","SNOW","EBS","ALL",2019,15,0,0,0,0
"523","SNOW","EBS","ALL",2019,25,3,0,3,0
"524","SNOW","EBS","ALL",2019,35,6,0,6,0
"525","SNOW","EBS","ALL",2019,45,841.0055,167.9263,1008.9319,0.166439714
"526","SNOW","EBS","ALL",2019,55,2438.7387,428.5382,2867.2769,0.149458268
"527","SNOW","EBS","ALL",2019,65,1704.0802,503.0883,2207.1684,0.227933797
"528","SNOW","EBS","ALL",2019,75,1751.8594,650.6773,2402.5366,0.270829278
"529","SNOW","EBS","ALL",2019,85,981.7142,615.2604,1596.9746,0.385266214
"530","SNOW","EBS","ALL",2019,95,131.3253,578.9624,710.2877,0.815109748
"531","SNOW","EBS","ALL",2019,105,57.9053,418.0786,475.9839,0.878346093
"532","SNOW","EBS","ALL",2019,115,6.3439,139.2203,145.5642,0.956418274
"533","SNOW","EBS","ALL",2019,125,0,41.936,41.936,1
"534","SNOW","EBS","ALL",2019,135,0,2,2,1
"535","SNOW","EBS","ALL",2019,145,0,0,0,1
"536","SNOW","EBS","ALL",2019,155,0,0,0,1
"537","SNOW","EBS","ALL",2019,165,0,0,0,1
"538","SNOW","EBS","ALL",2019,175,0,0,0,1
"539","SNOW","EBS","ALL",2019,185,0,0,0,1
"540","SNOW","EBS","ALL",2019,195,0,0,0,1
"541","SNOW","EBS","ALL",2021,5,0,0,0,0
"542","SNOW","EBS","ALL",2021,15,0,0,0,0
"543","SNOW","EBS","ALL",2021,25,4,0,4,0
"544","SNOW","EBS","ALL",2021,35,11,0,11,0
"545","SNOW","EBS","ALL",2021,45,15,12.0622,27.0622,0.445721543
"546","SNOW","EBS","ALL",2021,55,33.0622,41.6963,74.7585,0.557746595
"547","SNOW","EBS","ALL",2021,65,52.7905,66.0622,118.8527,0.555832687
"548","SNOW","EBS","ALL",2021,75,73.7356,80.9995,154.7351,0.523472081
"549","SNOW","EBS","ALL",2021,85,122.9995,149.7784,272.7779,0.549085518
"550","SNOW","EBS","ALL",2021,95,93.7501,195.2793,289.0294,0.675638221
"551","SNOW","EBS","ALL",2021,105,13,246.0184,259.0184,0.949810512
"552","SNOW","EBS","ALL",2021,115,1,74.5002,75.5002,0.986755002
"553","SNOW","EBS","ALL",2021,125,0,3,3,1
"554","SNOW","EBS","ALL",2021,135,0,1,1,1
"555","SNOW","EBS","ALL",2021,145,0,0,0,1
"556","SNOW","EBS","ALL",2021,155,0,0,0,1
"557","SNOW","EBS","ALL",2021,165,0,0,0,1
"558","SNOW","EBS","ALL",2021,175,0,0,0,1
"559","SNOW","EBS","ALL",2021,185,0,0,0,1
"560","SNOW","EBS","ALL",2021,195,0,0,0,1
"561","SNOW","EBS","ALL",2022,5,0,0,0,0
"562","SNOW","EBS","ALL",2022,15,0,0,0,0
"563","SNOW","EBS","ALL",2022,25,16.0011,1,17.0011,0
"564","SNOW","EBS","ALL",2022,35,135.4405,28.4387,163.8793,0
"565","SNOW","EBS","ALL",2022,45,569.1696,6.255,575.4246,0.010870217
"566","SNOW","EBS","ALL",2022,55,299.8623,37.0957,336.958,0.110089866
"567","SNOW","EBS","ALL",2022,65,83.9216,32.5994,116.521,0.279772669
"568","SNOW","EBS","ALL",2022,75,25,52.1416,77.1416,0.675920561
"569","SNOW","EBS","ALL",2022,85,35.29,42.3632,77.6532,0.545543004
"570","SNOW","EBS","ALL",2022,95,26.1137,37.7784,63.8921,0.591284682
"571","SNOW","EBS","ALL",2022,105,12.7784,92.5568,105.3353,0.878688105
"572","SNOW","EBS","ALL",2022,115,4,49.1137,53.1137,0.924689835
"573","SNOW","EBS","ALL",2022,125,0,14,14,1
"574","SNOW","EBS","ALL",2022,135,0,2,2,1
"575","SNOW","EBS","ALL",2022,145,0,0,0,1
"576","SNOW","EBS","ALL",2022,155,0,0,0,1
"577","SNOW","EBS","ALL",2022,165,0,0,0,1
"578","SNOW","EBS","ALL",2022,175,0,0,0,1
"579","SNOW","EBS","ALL",2022,185,0,0,0,1
"580","SNOW","EBS","ALL",2022,195,0,0,0,1
"581","SNOW","EBS","ALL",2023,5,0,0,0,0
"582","SNOW","EBS","ALL",2023,15,0,0,0,0
"583","SNOW","EBS","ALL",2023,25,1,0,1,0
"584","SNOW","EBS","ALL",2023,35,36.3749,0,36.3749,0
"585","SNOW","EBS","ALL",2023,45,549.0186,34.8944,583.9129,0.059759509
"586","SNOW","EBS","ALL",2023,55,900.3797,98.8779,999.2576,0.098951323
"587","SNOW","EBS","ALL",2023,65,569.7285,197.7356,767.4641,0.257648051
"588","SNOW","EBS","ALL",2023,75,141.2524,51.3195,192.5719,0.266495434
"589","SNOW","EBS","ALL",2023,85,36.8882,35.3073,72.1955,0.489051251
"590","SNOW","EBS","ALL",2023,95,29.4839,71,100.4839,0.706580715
"591","SNOW","EBS","ALL",2023,105,12.9893,126.5951,139.5843,0.906943143
"592","SNOW","EBS","ALL",2023,115,2,81.73,83.73,0.97611371
"593","SNOW","EBS","ALL",2023,125,0,25,25,1
"594","SNOW","EBS","ALL",2023,135,0,2,2,1
"595","SNOW","EBS","ALL",2023,145,0,0,0,1
"596","SNOW","EBS","ALL",2023,155,0,0,0,1
"597","SNOW","EBS","ALL",2023,165,0,0,0,1
"598","SNOW","EBS","ALL",2023,175,0,0,0,1
"599","SNOW","EBS","ALL",2023,185,0,0,0,1
"600","SNOW","EBS","ALL",2023,195,0,0,0,1
"601","SNOW","EBS","ALL",2024,5,0,0,0,0
"602","SNOW","EBS","ALL",2024,15,0,0,0,0
"603","SNOW","EBS","ALL",2024,25,5.0709,0,5.0709,0
"604","SNOW","EBS","ALL",2024,35,85.628,0,85.628,0
"605","SNOW","EBS","ALL",2024,45,2258.1104,173.538,2431.6485,0.071366414
"606","SNOW","EBS","ALL",2024,55,2827.2306,422.5709,3249.8015,0.130029764
"607","SNOW","EBS","ALL",2024,65,1686.9921,775.172,2462.1641,0.314833609
"608","SNOW","EBS","ALL",2024,75,472.6269,237.1258,709.7527,0.334096388
"609","SNOW","EBS","ALL",2024,85,130.4052,196.2456,326.6508,0.600781048
"610","SNOW","EBS","ALL",2024,95,22,52,74,0.702702703
"611","SNOW","EBS","ALL",2024,105,25.1555,64,89.1555,0.717846586
"612","SNOW","EBS","ALL",2024,115,3,86.1555,89.1555,0.966350941
"613","SNOW","EBS","ALL",2024,125,0,28,28,1
"614","SNOW","EBS","ALL",2024,135,0,2,2,1
"615","SNOW","EBS","ALL",2024,145,0,0,0,1
"616","SNOW","EBS","ALL",2024,155,0,0,0,1
"617","SNOW","EBS","ALL",2024,165,0,0,0,1
"618","SNOW","EBS","ALL",2024,175,0,0,0,1
"619","SNOW","EBS","ALL",2024,185,0,0,0,1
"620","SNOW","EBS","ALL",2024,195,0,0,0,1
"621","SNOW","EBS","ALL",2025,5,0,0,0,0
"622","SNOW","EBS","ALL",2025,15,0,0,0,0
"623","SNOW","EBS","ALL",2025,25,0,0,0,0
"624","SNOW","EBS","ALL",2025,35,94.0113,0,94.0113,0
"625","SNOW","EBS","ALL",2025,45,1311.1361,3.6515,1314.7876,0.002777293
"626","SNOW","EBS","ALL",2025,55,2194.1721,232.6753,2426.8474,0.095875551
"627","SNOW","EBS","ALL",2025,65,2259.8541,953.4097,3213.2637,0.296710681
"628","SNOW","EBS","ALL",2025,75,782.4362,960.738,1743.1742,0.551142844
"629","SNOW","EBS","ALL",2025,85,279.1304,586.9247,866.0551,0.677699067
"630","SNOW","EBS","ALL",2025,95,77.884,148.8071,226.6911,0.656431154
"631","SNOW","EBS","ALL",2025,105,46.4252,145.1093,191.5345,0.757614266
"632","SNOW","EBS","ALL",2025,115,6,58.3038,64.3037,0.906692845
"633","SNOW","EBS","ALL",2025,125,1,16,17,0.941176471
"634","SNOW","EBS","ALL",2025,135,1,0,1,1
"635","SNOW","EBS","ALL",2025,145,0,2,2,1
"636","SNOW","EBS","ALL",2025,155,0,0,0,1
"637","SNOW","EBS","ALL",2025,165,0,0,0,1
"638","SNOW","EBS","ALL",2025,175,0,9.5409,9.5409,1
"639","SNOW","EBS","ALL",2025,185,0,0,0,1
"640","SNOW","EBS","ALL",2025,195,0,0,0,1
